 [ {
    "addressid": 25,
    "amount": 100,
    "created": {
      "date": "2020-05-28",
      "day": "Thursday",
      "hours": 12,
      "minutes": 50,
      "month": 5,
      "nanos": 4,
      "seconds": 25,
      "time": 5,
      "timezoneOffset": 5,
      "year": 2020
    },
    "discountid": 30,
    "modified": {
      "date": "2020-05-28",
      "day": "Thursday",
      "hours": 13,
      "minutes": 40,
      "month": 5,
      "nanos": 4,
      "seconds": 25,
      "time": 6,
      "timezoneOffset": 5,
      "year": 2020
    },
    "orderid": 50,
    "status": "accepted",
    "userid": 10
  } ]