         [
                {
                  "addressid": 201,
                  "amount": 300,
                  "created": {
                    "date": 5,
                    "day": 2,
                    "hours": 12,
                    "minutes": 43,
                    "month": 5,
                    "nanos": 4,
                    "seconds":3,
                    "time": 6,
                    "timezoneOffset": 2,
                    "year": 2020              
                       },
                  "discountid": 202,
                  "modified": {
                    "date": 28,
                    "day": 27,
                    "hours":12,
                    "minutes": 47,
                    "month": 5,
                    "nanos": 4,
                    "seconds": 50,
                    "time": 12,
                    "timezoneOffset":3,
                    "year": 2020
                   },
                  "orderid": 203,
                  "status": "active",
                  "userid":4
                }
              ]