  [
                  {
                    "addressid": 1256,
                    "amount": 150,
                    "created": {
                      "date": "05-27-2020",
                      "day": "Thursday",
                      "hours": "7:12",
                      "minutes": 22,
                      "month": "05",
                      "nanos": "0003",
                      "seconds": 35,
                      "time": "7:04",
                      "timezoneOffset": "+2",
                      "year": "2020"
                    },
                    "discountid": 345,
                    "modified": {
                      "date": "05-27-2020",
                      "day": "Thursday",
                      "hours": "7:15",
                      "minutes": 35,
                      "month": "05",
                      "nanos": "003",
                      "seconds": 42,
                      "time": "7:16",
                      "timezoneOffset": "+2",
                      "year": "2020"
                    },
                    "orderid": 234,
                    "status": "active",
                    "userid": 205
                  }
                ]